年底別,總計,汽車/合計,汽車/大客車計,汽車/自用大客車,汽車/營業大客車,汽車/大貨車計,汽車/自用大貨車,汽車/營業大貨車,汽車/小客車計,汽車/自用小客車,汽車/營業小客車,汽車/小貨車計,汽車/自用小貨車,汽車/營業小貨車,汽車/大型自用特種車,汽車/小型自用特種車,機車/合計,機車/大型重型,機車/普通重型,機車/輕型,每千人擁有汽車數,每千人擁有機車數
57年,102346,27657,1466,455,1011,3442,1374,2068,16968,9518,7450,4783,4358,425,223,315,74689,-,32110,42579,17,47
58年,155818,34150,1999,616,1383,4751,2132,2619,20666,11604,9062,5694,5340,354,336,304,121668,-,71552,50116,20,71
59年,155120,42731,2229,750,1479,5177,2375,2802,27018,16879,10139,6566,6183,383,360,316,113065,-,61466,51599,24,64
60年,157553,44285,2466,706,1760,5045,2316,2729,27299,16743,10556,8304,8006,298,498,445,113268,-,71552,41716,24,62
61年,181061,52616,2635,763,1872,5457,2657,2800,33357,22031,11326,9887,9595,292,606,498,128445,-,88809,39636,28,67
62年,202018,61930,2775,764,2011,5690,2896,2794,40144,27959,12185,11905,11583,322,683,585,140088,-,108065,32023,32,72
63年,236846,75264,2973,769,2204,6179,3224,2955,50100,36387,13713,14468,14128,340,750,668,161582,-,131970,29612,38,81
64年,276210,89359,3240,749,2491,6542,3540,3002,58625,43081,15544,17568,17137,431,892,744,188487,-,160334,28153,44,92
65年,312180,98599,3521,769,2752,6757,3809,2948,65825,49559,16266,20380,19748,632,1075,936,213581,-,185625,27956,47,102
66年,356885,111767,3610,805,2805,6897,3921,2976,76187,57297,18890,22683,21996,687,1221,1068,245118,-,216414,28704,53,115
67年,407293,128096,3808,855,2953,6800,3899,2901,91309,67481,23828,23616,22923,693,1304,1161,279197,-,245513,33684,59,129
68年,449753,155757,4307,1262,3045,7747,4614,3133,112505,85891,26614,28298,27322,976,1426,1378,293996,-,261249,32747,71,134
69年,533249,182328,5011,1498,3513,8607,5123,3484,131474,105462,26012,34014,32837,1177,1634,1492,350921,-,307682,43239,82,158
70年,614743,208603,5224,1570,3654,9167,5259,3908,151425,124465,26960,39329,37961,1368,1887,1571,406140,-,351928,54212,92,179
71年,679204,230814,5376,1591,3785,9309,5353,3956,168070,139930,28140,44426,43071,1355,1909,1628,448390,-,383711,64679,99,193
72年,750372,256029,5276,1508,3768,9592,5602,3990,187722,157977,29745,49825,48339,1486,1881,1637,494343,-,419745,74598,107,207
73年,819875,279537,5234,1478,3756,8614,5583,3031,207920,176659,31261,53988,52809,1179,1854,1831,540338,-,453213,87125,114,221
74年,881158,294886,5315,1472,3843,8590,5493,3097,222823,191987,30836,54174,53011,1163,1971,1917,586272,-,484434,101838,118,234
75年,928693,300847,5864,1440,4424,8230,4355,3875,244833,211842,32991,37801,36211,1590,2280,1839,627846,-,513203,114643,117,244
76年,772297,339840,5516,1314,4202,8524,4465,4059,280573,245680,34892,40756,39008,1748,2177,2294,432457,-,334873,97584,129,164
77年,891326,399747,5450,1271,4179,8793,4445,4348,337393,300486,36906,43373,41584,1789,2379,2358,491579,-,362277,129302,149,183
78年,1007119,460060,5543,1304,4239,9335,5046,4289,391393,354245,37148,48474,46656,1818,2956,2359,547058,-,387722,159336,170,202
79年,1094713,497127,5172,1296,3876,9451,5125,4327,426957,388882,38075,50103,48356,1747,3146,2298,597586,-,410010,187576,183,220
80年,1148812,515996,4892,1224,3668,8561,4359,4202,447574,410222,37353,49098,47463,1635,3395,2476,632816,-,418279,214536,190,233
81年,1204475,547660,5547,1161,4386,8477,4062,4416,478528,441088,37440,48860,47306,1554,3648,2601,656815,-,416949,239866,203,244
82年,1247256,568087,5198,954,4244,8225,3883,4341,503743,467284,36459,44287,42917,1370,3927,2705,679169,-,414974,264196,214,256
83年,1280331,593064,5258,867,4391,7835,3668,4167,529625,492833,36792,43832,42437,1395,3238,3276,687267,-,407034,280233,223,259
84年,1351939,616924,5517,813,4704,7359,3649,3710,548447,512408,36039,49166,47882,1284,3140,3295,735015,-,424497,310518,234,279
85年,1443630,640353,5622,738,4884,7070,3505,3565,570667,531259,39408,50265,48975,1290,3025,3704,803277,-,463921,339356,246,308
86年,1532023,660486,5979,675,5304,6794,3461,3333,588577,549636,38941,51624,50347,1277,3392,4120,871537,-,500056,371481,254,335
87年,1585618,681386,6083,633,5450,6698,3463,3235,607205,568661,38544,53269,51869,1400,3369,4762,904232,-,526349,377883,258,343
88年,1583090,651691,6255,569,5686,6499,3385,3114,581831,545246,36585,49230,47434,1796,3295,4581,931399,-,547227,384172,247,353
89年,1625526,666513,6212,523,5689,6338,3293,3045,595742,559056,36686,50195,48277,1918,3162,4864,959013,-,572469,386544,252,362
90年,1637348,667179,6366,504,5862,6240,3372,2868,595614,559221,36393,50508,48527,1981,3182,5269,970169,-,590065,380104,253,368
91年,1649219,677651,6161,450,5711,5961,3222,2739,606839,571394,35445,50647,48450,2197,3094,4949,971568,638,602728,368202,257,368
92年,1688726,694390,6014,420,5594,5963,3278,2685,622195,587958,34237,52062,49861,2201,3124,5032,994336,1423,629642,363271,264,378
93年,1726699,708315,6148,378,5770,5856,3124,2732,635189,577435,57754,53339,47958,5381,2963,4820,1018384,2087,663061,353236,270,388
94年,1756480,725508,6264,296,5968,5994,3237,2757,650519,584019,66500,55028,47011,8017,2989,4714,1030972,2670,690426,337876,277,394
95年,1777903,731755,6237,280,5957,6350,3589,2761,654854,584095,70759,56657,45968,10689,2952,4705,1046148,3346,719066,323736,278,397
96年,1791939,728277,6319,275,6044,6475,3791,2684,650181,576173,74008,57805,44458,13347,2873,4624,1063662,3868,751916,307878,277,405
97年,1798284,717624,6301,257,6044,6434,3899,2535,639709,566651,73058,58019,43074,14945,2603,4558,1080660,4339,783929,292392,274,412
98年,1814114,721326,6373,284,6089,6236,3865,2371,637354,564458,72896,64303,42256,22047,2500,4560,1092788,4695,809400,278693,277,419
99年,1819685,725121,6919,276,6643,6231,3966,2265,646502,562060,84442,58478,42000,16478,2464,4527,1094564,5076,822334,267154,277,418
100年,1845686,744108,7135,275,6860,6292,4032,2260,664044,569758,94286,59623,42313,17310,2444,4570,1101578,5725,839147,256706,281,416
101年,1856536,756602,7187,232,6955,6072,3863,2209,675228,575653,99575,59877,41736,18141,8238,-,1099934,6926,852926,240082,283,411
102年,1802910,768100,7229,231,6998,6058,3840,2218,686234,582537,103697,60287,41708,18579,8292,-,1034810,9424,829807,195579,286,385
103年,1768239,787676,7460,221,7239,7820,3861,3959,702239,593661,108578,61882,41862,20020,8275,-,980563,12193,810421,157949,291,363
104年,1762045,799248,7513,227,7286,8038,3909,4129,712990,600733,112257,62362,41903,20459,8345,-,962797,15101,812544,135152,295,356
105年,1756877,804697,7404,214,7190,8112,3890,4222,718400,603391,115009,62386,41422,20964,8395,-,952180,17608,820425,114147,299,353
106年,1763824,810179,7255,216,7039,8083,3884,4199,724051,605734,118317,62132,40901,21231,8658,-,953645,20113,840276,93256,302,355
107年,1757922,813751,7243,206,7037,7840,3803,4037,727657,606777,120880,62017,40841,21176,8994,-,944171,21992,845786,76393,305,354
108年,1767624,815569,7122,196,6926,7959,3956,4003,729043,604597,124446,62488,40907,21581,8957,-,952055,23252,854876,73927,308,360
109年,1762194,815343,6784,195,6589,7830,3868,3962,728947,602509,126438,62795,40495,22300,8987,-,946851,25046,855995,65810,313,364
110年,1770505,822312,6335,189,6146,7902,3885,4017,734913,602593,132320,64147,40213,23934,9015,-,948193,26727,860379,61087,326,376
